"Obj_id","fish_id","Area_km2"
1,1440,0.588101281380955
2,1441,20.5387531036006
3,1442,8.22557189032005
4,1497,0.09091769271899
5,1861,0.34938348532032
6,1862,63.4636376320672
7,1864,0.378201776839376
8,1906,0.174610944063326
9,1915,0.517866519321467
10,2284,1.39577111060216
11,2328,0.717593196903218
12,2331,0.696915702166841
13,2338,0.348989510135839
14,2632,137.368822933789
15,2633,18.8565192154542
16,2716,2.27791477304736
17,2718,0.034990172438416
18,2763,11.7930807067562
19,2767,0.173804092821343
20,2796,0.869698904426877
21,2797,2.08718681509223
22,3053,71.6912929975548
23,3054,265.165193152891
24,3055,0.144445415182851
25,3135,0.866328516458869
26,3186,0.061690708145436
27,3475,209.045285136037
28,3476,19.3505824006612
29,3560,0.861668676212673
30,3561,9.69317621117387
31,3562,25.6859189041877
32,3896,11.3412061534875
33,3897,83.4670292437663
34,3982,1.31149096986266
35,3983,0.352089054186076
36,3984,0.344649073029232
37,4017,0.172030695350265
38,4025,1.54934653108538
39,4028,0.344042817444873
40,4311,21.2455859454078
41,4312,104.272744601682
42,4313,22.2792959144797
43,4315,24.1277088384888
44,4316,10.2971881659463
45,4318,42.2236913179667
46,4319,18.6126307261519
47,4396,2.18915328869283
48,4397,11.5217968060093
49,4399,3.66988991739333
50,4400,11.9722446464187
51,4401,43.7103989933392
52,4402,22.4107363353967
53,4815,25.5216781019825
54,4816,23.1084730136034
55,4818,3.75274276309077
56,4819,8.70075234088452
57,4820,3.73584903774598
58,4821,21.3841424054715
59,4867,2.73708480606861
60,4871,1.19739726301387
61,5236,69.6755100867506
62,5238,110.135023183041
63,5239,14.5500651143126
64,5240,0.003368179962299
65,5241,5.28173666175786
66,5242,2.13814986549691
67,5575,0.198649704428659
68,5658,1.02022112407956
69,5659,2.02378650760186
70,5660,1.02202810016767
71,6077,4.36056987489212
72,6082,1.89630375170623
73,6116,0.507844231781039
74,6117,10.4804361509197
75,6539,0.16886452159395
76,6540,10.8807805529635
77,6557,1.01260924181267
78,6975,2.18699775738436
79,7260,8.50982501181359
80,7304,1.17464332614297
81,7333,0.243315223430339
82,7402,0.335139085869671
83,7683,7.46268745495339
84,7721,66.6881019836808
85,7757,0.301069093399804
86,7758,35.5315956024884
87,7817,0.668157431698574
88,7818,0.267670381724289
89,7822,0.500668076812893
90,8104,0.166620036246591
91,8105,59.3105366836419
92,8142,7.06904167561752
93,8143,8.4416140810191
94,8153,1.16315665374278
95,8154,3.7931044733554
96,8180,0.000302806440459
97,8245,3.32597926906882
98,8564,55.768928785796
99,8565,8.86815696252305
100,8575,0.279109453924049
101,8579,0.826385069430819
102,8604,0.331913442943206
103,8987,118.775234310745
104,9020,86.9892558274152
105,9054,4.39579300398385
106,9059,25.1447287641237
107,9060,12.7955154602847
108,9089,1.15441052456345
109,9442,21.1679825376838
110,9476,1.19379743325528
111,9480,6.55788934698813
112,9500,0.782099121535032
113,9511,91.7129867910868
114,9512,28.2562621568419
115,9870,1.42769441654869
116,9871,0.001941002227242
117,9890,0.65618048704033
118,9902,15.039302209835
119,9922,138.557475837295
120,9923,29.3502010168372
121,9928,0.001553914487631
122,10293,0.82357738351589
123,10326,3.60956966439777
124,10355,10.1516356326526
125,10356,116.714272597046
126,10727,0.162605015878547
127,10748,1.81911484714147
128,10770,0.012735192185069
129,10772,15.2281160410087
130,10773,21.8768819195711
131,10775,200.568078313853
132,10776,144.876095741448
133,10777,135.711950629659
134,10778,272.395014878946
135,10779,22.0252952764714
136,11061,9.38676542397704
137,11062,28.1878919185851
138,11152,2.48679429547555
139,11153,0.051445584884885
140,11167,0.031746446863294
141,11483,72.8011687217517
142,11484,60.8097858722101
143,11569,0.178935082852472
144,11570,11.8397575774104
145,11572,1.73301265701885
146,11574,1.22487609363797
147,11585,24.1131193528084
148,11905,1.03124891645188
149,11951,0.015031463961992
150,11990,0.513882274274936
151,12005,77.4525068586029
152,12006,419.797410124487
153,12007,200.364868013216
154,12428,231.007466403475
155,12429,75.2689863835334
156,12833,0.013658785017975
157,12845,55.0231528950249
158,12846,73.8298562897937
159,12847,47.1301966415434
160,12848,62.4875415036143
161,12849,5.61025571487966
162,12850,96.9889083299595
163,12898,6.12707903850562
164,13253,1.0998079209846
165,13265,21.4533697133996
166,13266,70.997560202289
167,13267,59.0089165773994
168,13270,3.06052507884917
169,13319,21.6902916410953
170,13320,0.177049898332455
171,13592,1.0093817885782
172,13686,54.3638167523359
173,13687,12.2565389465479
174,13692,0.793296892894077
175,13693,0.31671681131232
176,13740,130.947856546099
177,13741,348.934346139293
178,14107,61.3572430671328
179,14108,134.355833730476
180,14163,89.7698417652168
181,14486,174.637307099704
182,14487,33.4533815456915
183,14529,246.718560745906
184,14530,3.30847728716232
185,14539,14.6195249444313
186,14585,165.749191805127
187,14586,220.89694113784
188,14587,3.13958834320232
189,14908,20.5724491412162
190,14909,107.940452038634
191,14910,81.3487271690384
192,14911,24.6375126629237
193,14912,45.4603719897274
194,14950,16.5317052243592
195,14951,399.62347536358
196,15007,19.5970162249941
197,15008,315.994553316442
198,15009,125.445854795059
199,15010,2.60789090907086
200,15299,5.7305585879897
201,15305,0.992306929328237
202,15306,11.8041149072423
203,15333,92.0757050815598
204,15334,3.3270534357982
205,15372,242.312782532272
206,15373,266.534288742261
207,15432,39.0234566106321
208,15434,10.1230045180522
209,15706,0.017442121746788
210,15714,0.182368107665688
211,15717,1.08566102188444
212,15733,28.9391855974257
213,15792,124.548294045297
214,15793,326.456601995855
215,15794,201.862987288237
216,15795,0.934013420389086
217,15854,214.505874724673
218,15855,418.939082777626
219,15856,127.593584488743
220,15857,17.5802617519016
221,16155,95.1829019468395
222,16212,98.4108462683106
223,16213,330.398186980068
224,16214,526.259186619098
225,16215,101.909150166132
226,16217,2.934501653011
227,16219,17.8213672364519
228,16220,0.154963346913539
229,16276,162.808767870534
230,16277,556.997529814203
231,16278,520.828065659206
232,16279,186.449334720029
233,16280,0.154791577847323
234,16577,146.221037752286
235,16633,213.85554650222
236,16634,544.007049088702
237,16635,554.679777898165
238,16636,499.822344412255
239,16637,160.271930907284
240,16638,196.815230322377
241,16639,179.07101319937
242,16640,86.625345617332
243,16641,32.96158918143
244,16642,0.46278509889818
245,16698,169.214481062186
246,16699,499.419034599456
247,16700,524.221705405367
248,16701,539.321174201081
249,16702,105.428597293093
250,16706,1.23369740349336
251,16999,194.48433017368
252,17055,453.761584668108
253,17056,552.349130662813
254,17057,552.34909125269
255,17058,552.349049995879
256,17059,551.586711426149
257,17060,538.986398433466
258,17061,545.083305035404
259,17062,145.217796767905
260,17063,25.533815803016
261,17122,44.2609671088626
262,17123,425.46493680561
263,17124,475.647889504115
264,17125,56.2292546166478
265,17126,0.918713742718662
266,17421,308.103366501854
267,17422,16.9574440439856
268,17476,0.150615240755445
269,17477,270.295274665307
270,17478,550.007660630279
271,17479,550.007619338117
272,17480,550.007577993047
273,17481,548.548939929413
274,17482,306.11863971242
275,17483,164.65882721327
276,17484,75.0045734510611
277,17545,43.5645707058133
278,17546,251.628488263651
279,17547,88.7053415624864
280,17548,20.7929778143106
281,17549,39.8796732924519
282,17550,0.437331177392079
283,17843,290.747861812135
284,17844,46.2572401747605
285,17899,95.0087791683962
286,17900,547.655443662039
287,17901,547.655405828348
288,17902,547.655366215037
289,17903,346.086834865596
290,17969,10.6352020139591
291,17970,0.664477727632132
292,18264,97.8872842164496
293,18265,440.405461608645
294,18266,109.053588030684
295,18321,366.254667826317
296,18322,545.292527934921
297,18323,545.292489413069
298,18324,545.292448004702
299,18325,139.996875266023
300,18390,6.76498080521635
301,18391,49.0485961774801
302,18686,240.416147604693
303,18687,141.300441735193
304,18688,49.511074506592
305,18743,5.07070848059753
306,18744,137.9875569058
307,18745,331.574867849527
308,18746,451.421725793638
309,18747,27.2833810739426
310,19108,28.9260947081527
311,19169,2.94614789926503
312,20791,65.5228980009005
313,20792,180.760612944972
314,20793,185.633826767542
315,20794,49.2042154327439
316,21213,355.793455618765
317,21214,528.458674477189
318,21215,406.580527525279
319,21216,8.53890431339457
320,21633,0.369538172147058
321,21634,9.07382570489025
322,21635,195.127378867988
323,21636,279.535325767721
324,21637,82.6860653267651
325,22054,0.114196645211814
326,22055,85.8492132968769
327,22056,71.4175711830403
328,22471,2.45593616864342
329,22472,23.5804298731883
330,22473,0.750377897538302
331,22476,55.2310152631708
332,22892,0.288473066342882
333,22893,95.9285445563979
334,22894,94.4315713948825
335,22895,19.1938619321354
336,23737,0.361871344933571
337,24164,7.24122110004894
338,24168,208.873752300357
339,24169,180.656146065091
340,24170,68.3567098010118
341,24171,148.136424344894
342,24586,2.76616249166491
343,24589,154.31747703834
344,24590,417.382565912412
345,24591,475.089207112983
346,24592,418.598594731465
347,24593,342.429210126284
348,24594,113.014445279127
349,25011,1.97219707887462
350,25012,248.573807123545
351,25013,482.648070185962
352,25014,406.717582026347
353,25015,289.026519854979
354,25016,124.439873876634
355,25434,144.43748570696
356,25435,343.957607258991
357,25436,496.017700304964
358,25437,226.802310607327
359,25441,122.840565214742
360,25442,361.302970269536
361,25443,390.689348218082
362,25444,362.879958209789
363,25445,100.095688981098
364,25837,0.030945583554928
365,25855,0.23036331424341
366,25857,112.528603209087
367,25858,309.093286228365
368,25859,90.9783733521166
369,25860,89.6545785956664
370,25861,83.609696500039
371,25862,138.61885728521
372,25863,485.183665077097
373,25864,500.980260340496
374,25865,500.980216942931
375,25866,500.817185619112
376,25867,180.883146021839
377,26249,12.8755439297862
378,26250,2.48805452073284
379,26264,0.815611638336777
380,26265,24.6036142306864
381,26266,0.969728494411655
382,26267,44.326623911705
383,26268,1.13478623455229
384,26270,0.001633571402001
385,26275,0.138112595511882
386,26276,0.618107275325488
387,26277,3.04870429773895
388,26278,0.27619892332911
389,26279,11.6476715818948
390,26280,15.0027449688326
391,26281,83.6244747194002
392,26282,75.3988245601644
393,26283,4.04946623585436
394,26284,74.3870179155142
395,26285,278.758519286
396,26286,407.801110903889
397,26287,426.993558978634
398,26288,457.340744015866
399,26289,450.199705001099
400,26290,334.7621215196
401,26291,158.689221494154
402,26292,73.2605010715217
403,26293,111.074712434813
404,26294,38.7732689946329
405,26688,133.895276633287
406,26689,75.8698754526668
407,26692,10.5413953528647
408,26693,101.472879629227
409,26694,96.6991735743672
410,26695,66.1793914007985
411,26697,85.5563703049983
412,26698,393.030981900317
413,26699,428.139312425323
414,26700,447.495363497767
415,26701,465.754886217037
416,26702,342.668059399928
417,26703,235.056380785592
418,26704,31.744322785268
419,26705,16.6773122209471
420,26706,27.6447417985375
421,26707,37.0968298429925
422,26708,38.2037347914048
423,26709,124.393821352382
424,26710,167.068737098292
425,26711,209.859912192676
426,26712,322.21581426127
427,26713,389.274302812703
428,26714,423.424268398074
429,26715,249.348949299294
430,26716,23.3413500469197
431,27110,17.3107158323139
432,27111,176.533229248731
433,27112,17.7297449721494
434,27120,296.136816588752
435,27121,387.905423533794
436,27122,438.029364235149
437,27123,133.159130272995
438,27124,160.731556312395
439,27125,153.466518139055
440,27126,265.67159788191
441,27127,336.579368367276
442,27128,236.687142757398
443,27129,302.478762640333
444,27130,79.9821062984599
445,27131,113.23966205368
446,27132,172.908234332751
447,27133,213.411771956159
448,27134,170.351875435813
449,27135,170.258587858851
450,27136,208.719676707702
451,27137,55.2436018218477
452,27534,6.12484245653849
453,27543,0.385413983327282
454,27544,2.77486457993108
455,27548,0.013766094245745
456,27551,21.9962047559396
457,27552,48.8763052283612
458,27553,160.471209930275
459,27554,204.735292015801
460,27555,134.832953488689
461,27556,51.9116280016288
462,27557,101.156926421462
463,27558,96.1027951864326
464,27559,178.147191983018
465,27560,97.6783203087094
466,27561,5.73687817420038
467,27959,3.35124802299411
468,27981,2.70108675659708
469,27982,11.4663317109509
470,27984,2.42909891969031
471,28360,4.42156087136239
472,28361,0.051830527868827
473,28381,246.269449752113
474,28382,127.347038705549
475,28383,92.9927168866369
476,28384,65.9527755547515
477,28385,0.000484298606778
478,28386,0.163808464957409
479,28405,2.28994157474764
480,28406,3.89981933614078
481,28407,4.94420275578543
482,28408,0.000920458446309
483,28409,0.014817498037233
484,28410,3.87420216396213
485,28411,1.76838869792594
486,28782,0.064992311086555
487,28787,0.065176695600328
488,28788,4.28354761438384
489,28799,0.336775237143858
490,28800,44.587911630396
491,28801,112.785500075115
492,28802,47.1000249629418
493,28803,190.229315949163
494,28804,159.698252201914
495,28805,188.856242570255
496,28806,44.2675882512377
497,28827,166.340037291496
498,28828,26.7422696633278
499,28829,5.31880039215661
500,28830,48.3260070972774
501,28831,187.671139375352
502,28832,335.650575532208
503,28833,291.068393984169
504,28834,131.751250037467
505,29210,12.3381758282736
506,29211,1.14073828576619
507,29212,25.8131698100774
508,29213,6.1951963908515
509,29217,6.92649836406448
510,29220,8.6025949563e-05
511,29249,55.8470495237239
512,29250,5.90725087509299
513,29253,21.5945901201309
514,29254,188.408347901042
515,29255,232.766285450613
516,29256,184.965919205213
517,29257,266.145720549488
518,29258,29.4136467831791
519,29635,90.0417699937408
520,29636,193.106479981604
521,29637,154.14140085024
522,29638,133.164721547665
523,29639,127.850784560322
524,29640,5.30953892060403
525,29671,86.5194082550117
526,29672,7.45492221785133
527,29676,55.02429684382
528,29677,118.963989214509
529,29678,179.751339118232
530,29679,56.1275727512102
531,29680,99.4539990573146
532,29681,47.7746483923054
533,30046,0.075364821397805
534,30062,56.8051867077967
535,30063,71.5026708868948
536,30098,55.5394566389026
537,30099,290.86418969467
538,30100,202.677157616652
539,30101,155.637678402787
540,30102,315.037580520001
541,30103,301.897518207405
542,30104,155.407428943842
543,30468,39.9101369195362
544,30469,12.380487565739
545,30484,20.0016893439888
546,30485,171.992063218633
547,30521,40.4552165239578
548,30522,274.270458769022
549,30523,277.339764095092
550,30524,202.729712357679
551,30525,290.869822281861
552,30526,341.555159809949
553,30527,72.181279790388
554,30907,183.842997883674
555,30908,93.2306413864125
556,30909,2.87360407565634
557,30944,287.828349706644
558,30945,440.881175873519
559,30946,363.646120693211
560,30947,268.312065219488
561,30948,338.499618482344
562,30949,241.6302387458
563,31329,13.389329386853
564,31330,372.474457997434
565,31331,8.03471051968221
566,31333,94.6710210759525
567,31334,216.606360237
568,31335,42.1032506330311
569,31357,47.3955767184494
570,31358,174.100665603726
571,31359,254.635443494745
572,31360,87.2352132614428
573,31363,65.7323749511177
574,31364,36.5200497212986
575,31365,4.95952588837053
576,31366,375.714844712416
577,31367,466.970320601273
578,31368,459.415012696146
579,31369,296.82745902558
580,31370,198.159672570931
581,31371,227.117242193039
582,31751,76.5553634498977
583,31752,338.154689248044
584,31753,56.0800053881293
585,31755,220.492653118143
586,31756,117.036684440739
587,31777,3.65662808023037
588,31779,243.271016684399
589,31780,464.288392858195
590,31781,463.761099947713
591,31782,121.317320017111
592,31785,283.886479247449
593,31786,452.406581353332
594,31787,352.235029782711
595,31788,407.674397202636
596,31789,464.288070273339
597,31790,464.288034287207
598,31791,464.28799909924
599,31792,416.729424911267
600,31793,84.1362211605465
601,31794,122.3523337089
602,31795,7.8039183947003
603,32153,0.256531844245209
604,32173,34.697546926903
605,32174,91.8118644290217
606,32175,3.3403026475237
607,32177,5.77443222685475
608,32179,10.5061287886674
609,32180,244.254013899025
610,32181,385.364530394937
611,32182,347.95741827068
612,32183,117.62104792394
613,32198,40.0930618631987
614,32199,214.85052746725
615,32200,354.195119456493
616,32201,461.581161844344
617,32202,423.994621386775
618,32203,219.014272139434
619,32204,9.0465596633885
620,32207,120.463285827904
621,32208,461.596715922321
622,32209,461.596681102806
623,32210,399.571031218591
624,32211,461.528470461086
625,32212,461.596575156757
626,32213,461.596542569882
627,32214,253.27662333104
628,32215,188.586718469731
629,32216,133.833311981877
630,32217,113.664197902627
631,32218,1.59611299710951
632,32219,16.0431791668699
633,32220,70.6872270211602
634,32221,112.727544780863
635,32222,42.5180429618977
636,32223,0.234558258293502
637,32577,15.0316493846221
638,32578,64.5390564369838
639,32595,346.986110084813
640,32596,166.040593781048
641,32600,4.97370276284354
642,32601,114.738460995504
643,32602,319.031972825982
644,32603,284.070182391329
645,32604,260.851957017329
646,32605,135.583489876901
647,32619,8.79755373713928
648,32620,116.679299458507
649,32621,126.773800362058
650,32622,105.382935388085
651,32623,204.546872578746
652,32624,19.5868830712148
653,32626,121.378312311306
654,32627,330.231161157296
655,32628,326.280383259007
656,32629,272.988371261834
657,32630,430.766351698959
658,32631,393.58817858636
659,32632,397.266701018262
660,32633,423.205538654662
661,32634,423.558706407732
662,32635,425.456428937171
663,32636,203.407431299341
664,32637,0.793644216123589
665,32638,32.1531815361892
666,32639,203.863029365433
667,32640,343.475038070202
668,32641,290.226675363945
669,32642,206.870087081113
670,32643,152.891281338275
671,32644,142.08247488277
672,32645,79.2623152762052
673,32647,2.52520733492332
674,32648,46.1777119057511
675,32649,41.697094511335
676,32650,6.00194616932267
677,32651,22.9544812480314
678,32652,40.3582691505281
679,32999,1.26548165247765
680,33000,1.05386582728036
681,33017,107.345236906656
682,33018,286.383645963531
683,33019,65.1271548202746
684,33020,17.6229065556248
685,33021,155.356975502263
686,33022,232.032233500484
687,33023,293.034324256755
688,33024,389.750895158622
689,33025,394.517170302664
690,33026,352.825867510522
691,33027,85.6032014810942
692,33028,43.0474266439297
693,33041,69.1646825138474
694,33042,266.778036817022
695,33043,112.768042073005
696,33044,11.7129279449643
697,33048,147.395840807632
698,33049,225.089799488505
699,33050,222.542854530247
700,33051,203.220585837935
701,33052,155.903524692016
702,33053,0.156003412378453
703,33054,105.939706450512
704,33055,456.186263530479
705,33056,456.186230266083
706,33057,456.186196581565
707,33058,456.186162912915
708,33059,377.691283216108
709,33060,188.683775324601
710,33061,23.3576898245475
711,33062,243.673222613988
712,33063,419.142179105833
713,33064,391.475813396262
714,33065,379.220855194426
715,33066,191.656972948665
716,33067,295.757576023191
717,33068,325.509488414323
718,33069,310.589247460377
719,33070,273.514897699452
720,33071,176.457616784835
721,33072,132.349033285176
722,33073,132.554166509711
723,33074,2.26826368774475
724,33086,49.9660982260111
725,33087,2.96038429708203
726,33097,0.476497284056789
727,33098,83.8940012753899
728,33421,0.115861195243987
729,33427,0.000926851230596
730,33428,1.93396366436813
731,33440,10.6523449587433
732,33441,74.3323489745152
733,33442,0.12633553425086
734,33443,14.7760648136606
735,33444,264.526338716468
736,33445,33.6341903347326
737,33446,359.190858177033
738,33447,383.505717731242
739,33448,358.574426948044
740,33449,90.7232111368449
741,33462,70.1741085022149
742,33463,253.265970023014
743,33464,415.01846181033
744,33465,181.671411775166
745,33471,50.5626964679263
746,33472,193.923989519797
747,33473,226.866763579178
748,33474,226.481293617958
749,33475,149.453432578736
750,33476,219.789236209972
751,33477,453.467475675197
752,33478,453.467441153227
753,33479,453.467408727675
754,33480,453.467374860647
755,33481,446.425954453119
756,33482,416.812813606709
757,33483,388.976588156481
758,33484,363.673954405695
759,33485,376.559963200286
760,33486,386.426437581118
761,33487,379.618014790574
762,33488,416.58378354662
763,33489,422.315884944492
764,33490,453.467051731598
765,33491,453.467021656162
766,33492,453.466989839718
767,33493,401.428176901824
768,33494,254.607726037622
769,33496,4.355869623e-06
770,33508,138.461520613067
771,33509,336.349242867159
772,33510,238.534500179685
773,33511,148.771306712087
774,33512,24.6194402614074
775,33519,1.05580770594241
776,33520,2.74905196385817
777,33521,0.155021890498787
778,33523,10.6038022310134
779,33524,109.611801449957
780,33525,66.9497952243612
781,33526,107.644941280084
782,33527,17.7881645110208
783,33844,1.37870133839622
784,33845,0.375764574810893
785,33848,0.125553914235296
786,33849,76.7247492572303
787,33850,21.0798257026039
788,33865,12.7316412327352
789,33866,339.655497671855
790,33867,306.469461691425
791,33868,360.817278550932
792,33869,450.740732135895
793,33870,226.038855436575
794,33882,3.56169707000681
795,33883,129.153499567821
796,33884,381.335512908348
797,33885,193.506132988768
798,33886,21.043020207009
799,33887,61.7434184983442
800,33896,3.9460868434656
801,33897,170.929544143268
802,33898,364.450569384593
803,33899,417.51864044299
804,33900,417.479492656986
805,33901,417.460642126561
806,33902,417.434986606596
807,33903,412.437629371092
808,33904,416.805633743922
809,33905,416.203729627728
810,33906,408.164512432629
811,33907,444.910191595371
812,33908,450.739386754297
813,33909,450.739352725315
814,33910,450.739321585476
815,33911,445.062084001904
816,33912,413.957425474187
817,33913,305.839011618716
818,33914,295.201439330476
819,33915,295.589931267844
820,33916,155.907666287015
821,33926,117.950117295578
822,33927,223.992136641342
823,33928,148.657009232144
824,33929,0.253749577267305
825,33931,85.9149459203884
826,33932,68.5393630137258
827,33933,42.1355714697982
828,33934,63.2603789196368
829,33935,49.572404683144
830,33936,142.113866238831
831,33940,27.6351391254941
832,33941,17.4988146289699
833,33943,45.5962479307073
834,33944,232.556572953478
835,33945,400.655666233018
836,33946,424.411635114714
837,33947,354.466320769583
838,33948,385.737037042081
839,33949,439.553515568546
840,33950,239.840445659737
841,33951,13.985977755199
842,33960,30.0037698800704
843,33961,34.7113220374011
844,33962,1.79289777629361
845,33963,0.112980432376646
846,34271,0.646284920871578
847,34272,2.4705451381731
848,34288,14.2756465416581
849,34289,4.28040561564317
850,34290,43.38891729957
851,34291,101.415629041118
852,34292,143.43693936553
853,34293,0.188368427031285
854,34302,22.0171072128758
855,34303,232.183717874736
856,34304,301.284220632685
857,34305,277.628373304129
858,34306,32.9282798559609
859,34307,1.99416343665119
860,34308,13.7314186354654
861,34309,4.36756480563765
862,34310,3.35063105745708
863,34311,2.2583952151718
864,34320,10.4866306285114
865,34321,173.33126150444
866,34322,332.496013344695
867,34323,411.820268243819
868,34324,413.202308134486
869,34325,425.163603775931
870,34326,441.748014197725
871,34327,448.002729111461
872,34328,448.002695533404
873,34329,448.002665157281
874,34330,448.002633042082
875,34331,448.002601402138
876,34332,448.002569130192
877,34333,381.742105165062
878,34334,130.133891457352
879,34348,196.314257721547
880,34349,141.666858109854
881,34350,42.0529085759752
882,34351,32.8162541526585
883,34355,1.01873066663442
884,34356,214.120507909998
885,34357,262.928059987924
886,34358,179.031193409578
887,34359,121.132227990779
888,34360,88.3812361815899
889,34361,187.38632348917
890,34362,373.625625150221
891,34363,272.42990218077
892,34364,75.6903625661018
893,34365,355.527172798197
894,34366,448.001603704799
895,34367,337.033383579254
896,34368,79.2772813142885
897,34369,0.249600598761131
898,34370,77.7770103731912
899,34371,389.448525664915
900,34372,448.001451706702
901,34373,395.652974783819
902,34374,279.393767519333
903,34375,166.675708968971
904,34376,59.1252666247968
905,34377,0.236695352267015
906,34381,1.87281615813093
907,34382,27.5326201274682
908,34694,34.2876333709368
909,34695,4.13635395485332
910,34706,0.065650653732833
911,34708,2.76425246823318
912,34724,133.000174546241
913,34725,26.8982444428307
914,34726,3.5825753123481
915,34727,0.124058357691332
916,34732,18.2161947044027
917,34733,74.8170856440111
918,34745,46.3317011091928
919,34746,153.152448942858
920,34747,225.390540511288
921,34748,306.706958808125
922,34749,378.506732749808
923,34750,431.156095821868
924,34751,445.25700230069
925,34752,445.256970018381
926,34753,445.2569379703
927,34754,436.012661530175
928,34755,201.512983908857
929,34756,178.745266319023
930,34757,257.795156349881
931,34758,84.2296476406565
932,34761,13.4011809828817
933,34762,39.1089096248451
934,34773,4.52933988024693
935,34774,0.932005174241393
936,34779,33.8669592410735
937,34780,359.745010125978
938,34781,396.65238710433
939,34782,151.429734799291
940,34783,192.271909951636
941,34784,238.993958673437
942,34785,251.104763612522
943,34786,347.74665457012
944,34787,188.716894546106
945,34788,137.442031991522
946,34789,53.0793594682202
947,34790,71.5632252747106
948,34791,5.94120123903936
949,34793,15.2508341026456
950,34794,205.114576929711
951,34795,226.520656226333
952,34796,165.160317153188
953,34797,238.737311446881
954,34798,432.171675878455
955,34799,419.218154657557
956,34800,398.116672930482
957,34801,336.974804954779
958,34802,200.4522729625
959,34803,94.9767823846747
960,34804,5.59465074252391
961,35116,0.49297489633706
962,35117,40.7511135912042
963,35119,49.2193209793714
964,35120,41.1814783878457
965,35121,3.13674846489204
966,35123,22.4968335018186
967,35124,6.70044160543053
968,35129,6.17507089502697
969,35130,120.639414943403
970,35131,9.00977347709123
971,35145,1.19877583208854
972,35146,124.749418831265
973,35155,12.4893049151425
974,35158,37.1178575187553
975,35159,40.6984602583312
976,35172,292.332616905183
977,35173,442.50248189005
978,35174,442.502450621097
979,35175,442.502418419919
980,35176,442.50238958428
981,35177,442.502360073914
982,35178,442.502329830469
983,35179,326.335615200071
984,35180,81.5335565477251
985,35181,0.000321597775837
986,35183,162.623696814772
987,35184,306.792373521808
988,35200,0.015652535420405
989,35201,125.916425372868
990,35202,140.166270845115
991,35203,0.858904365198191
992,35205,149.618066338963
993,35206,282.749535864553
994,35207,131.86794175978
995,35208,43.0734419076101
996,35209,128.771069175808
997,35211,0.231180279494278
998,35212,63.1447324445549
999,35213,9.23379985859676
1000,35217,211.22577788786
1001,35218,55.6392771289737
1002,35219,82.126878685885
1003,35220,59.2126728264363
1004,35221,130.499772094154
1005,35222,187.957019134645
1006,35223,160.90124156103
1007,35224,26.827543112199
1008,35234,0.137291424747661
1009,35541,9.18641068932313
1010,35542,173.695325908822
1011,35543,119.027070796491
1012,35544,159.424745186225
1013,35545,281.285154142995
1014,35546,107.088857059762
1015,35547,6.35930557697267
1016,35549,0.614376108259062
1017,35553,3.67537969290222
1018,35567,16.4807555728215
1019,35568,10.6190836097121
1020,35571,16.9688287544887
1021,35572,0.244134035613888
1022,35577,6.82655888533771
1023,35578,8.12671820684679
1024,35579,14.2448232720861
1025,35580,41.7329043033603
1026,35594,393.98474831037
1027,35595,439.739153945742
1028,35596,439.739124565567
1029,35597,439.739093274395
1030,35598,439.739063252213
1031,35599,439.739031661241
1032,35600,427.999785796786
1033,35601,94.5925534925575
1034,35602,100.479083873269
1035,35603,196.338173667865
1036,35604,253.240977530335
1037,35605,177.93545305512
1038,35606,25.7029097858277
1039,35617,5.41622479143103
1040,35622,0.118789768556319
1041,35623,71.0394553169481
1042,35624,4.44079653781655
1043,35630,0.406756694522118
1044,35631,130.937515385671
1045,35632,8.05790299562421
1046,35633,13.2604245154601
1047,35639,124.844812900753
1048,35640,63.7777600437037
1049,35641,185.511137303517
1050,35642,385.861669062248
1051,35643,354.829297507947
1052,35644,108.910043536487
1053,35655,34.1192317575599
1054,35656,336.684704768533
1055,35657,38.7803585399048
1056,35964,0.486190425216477
1057,35965,132.682550262838
1058,35966,333.622138447544
1059,35967,428.095242463596
1060,35968,328.794932152338
1061,35969,2.35663621010055
1062,35987,0.071968344930514
1063,35988,2.21826264955896
1064,35989,51.133398829771
1065,35990,0.121013666995594
1066,35993,3.12819501898486
1067,36016,386.680228424878
1068,36017,436.967070322879
1069,36018,436.967042463037
1070,36019,436.967010752476
1071,36020,436.966983495416
1072,36021,436.966952567903
1073,36022,419.553153735032
1074,36023,389.76176502399
1075,36024,405.087270755577
1076,36025,386.795196394826
1077,36026,363.478481048201
1078,36027,154.529120071622
1079,36037,3.51792253539636
1080,36038,13.3008728534879
1081,36039,15.8490023144158
1082,36052,5.11000705075264
1083,36053,371.460601501245
1084,36054,372.53530397799
1085,36055,310.519847606414
1086,36056,239.214743340936
1087,36057,173.546544564442
1088,36058,96.8667732772925
1089,36059,7.42047635472646
1090,36060,119.714714623003
1091,36061,199.459480708043
1092,36063,0.974468625073926
1093,36064,231.363566994167
1094,36065,162.332909095285
1095,36066,103.274257042539
1096,36067,7.95717741735421
1097,36072,4.23615130240442
1098,36073,11.3809955397027
1099,36075,0.605054361095375
1100,36076,183.296307857912
1101,36077,385.803629303036
1102,36078,371.584032237691
1103,36079,72.9905968978783
1104,36388,15.9127961656796
1105,36389,170.819275201571
1106,36390,298.717545640143
1107,36391,186.357926852635
1108,36407,25.965617034405
1109,36408,122.464568750516
1110,36409,133.799969978555
1111,36410,150.139687255382
1112,36411,4.10339627517134
1113,36412,185.085431316242
1114,36413,99.6334783794237
1115,36414,4.21698583622526
1116,36438,417.576259192319
1117,36439,434.186284843921
1118,36440,434.186255998
1119,36441,434.186225438586
1120,36442,434.022471670679
1121,36443,389.727770613139
1122,36444,388.574822812537
1123,36445,346.408978759429
1124,36446,302.669336859627
1125,36447,336.55498216329
1126,36448,408.840086007387
1127,36449,145.309927783898
1128,36460,13.2610549383964
1129,36461,179.282587595698
1130,36462,73.6455741180433
1131,36463,56.0056213443141
1132,36464,84.8627268339106
1133,36465,10.3138495554797
1134,36475,20.7227421144816
1135,36476,56.1920148363758
1136,36477,184.746578801547
1137,36478,290.446643667272
1138,36479,223.164653529184
1139,36480,97.4859887014074
1140,36481,227.523854629804
1141,36482,269.207431810377
1142,36483,247.546835887506
1143,36484,1.53384223108776
1144,36489,0.839577140030269
1145,36490,30.677831887405
1146,36494,4.71692207948606
1147,36495,241.989213696676
1148,36496,242.905650524299
1149,36497,168.533419991262
1150,36498,434.184797365683
1151,36499,336.419234818458
1152,36500,248.058588402967
1153,36501,25.4100655626272
1154,36808,1.09038198830682
1155,36809,3.46600596506959
1156,36810,125.459841629784
1157,36811,59.8011188315177
1158,36812,38.7077432105517
1159,36829,90.4760384673848
1160,36830,424.002764297418
1161,36831,171.660970340073
1162,36832,318.704357573242
1163,36833,188.582188752892
1164,36834,126.477625925524
1165,36835,8.49889200339994
1166,36836,0.598256484972204
1167,36837,10.0823832182711
1168,36859,1.19411589789674
1169,36860,424.714728057808
1170,36861,431.396845498408
1171,36862,427.050900015763
1172,36863,372.20524791441
1173,36864,338.389475427765
1174,36865,321.124192765139
1175,36866,308.674447939619
1176,36867,389.202010162038
1177,36868,431.396645467264
1178,36869,431.396618509701
1179,36870,431.396587816824
1180,36871,146.730408816385
1181,36883,191.307171141512
1182,36884,242.638704810292
1183,36885,266.743213108484
1184,36886,151.605928589551
1185,36887,373.186316338743
1186,36888,57.7066502740125
1187,36903,3.82128792720394
1188,36904,70.3703382482033
1189,36905,27.9443530370311
1190,36906,218.482352623724
1191,36907,80.6179338092978
1192,36917,4.68716645427426
1193,36918,107.084842441224
1194,36919,133.112071729161
1195,36920,416.884347721537
1196,36921,396.929476753219
1197,36922,215.31813382737
1198,37229,0.94948807442279
1199,37230,0.594196402886431
1200,37232,125.135717152106
1201,37233,8.27593854104286
1202,37251,153.167471843884
1203,37252,387.910432341009
1204,37253,148.041970304262
1205,37254,396.263175752909
1206,37255,293.508127225231
1207,37256,47.1079300697651
1208,37257,23.9634008230695
1209,37281,17.8833785398853
1210,37282,393.260418702025
1211,37283,393.913055476931
1212,37284,311.858196254968
1213,37285,362.376782514746
1214,37286,356.944409125369
1215,37287,379.276855426375
1216,37288,428.598664933092
1217,37289,428.59863822184
1218,37290,428.598608145813
1219,37291,428.598580273746
1220,37292,428.598552275092
1221,37293,145.959442416476
1222,37305,114.610967805801
1223,37306,428.598180555788
1224,37307,399.177137906288
1225,37308,422.912973569692
1226,37309,326.22009879409
1227,37310,84.7737919921604
1228,37311,101.016754608329
1229,37312,2.55021740213533
1230,37328,37.4853847795421
1231,37329,46.9600188383781
1232,37330,135.147735353463
1233,37331,84.6788663452852
1234,37332,199.447228139591
1235,37333,113.793673786841
1236,37336,40.9165851982344
1237,37342,38.4787822806219
1238,37343,291.444814523514
1239,37344,351.104488147549
1240,37651,0.117905269219366
1241,37652,31.5600982428128
1242,37653,2.16475670927887
1243,37655,8.73010012260112
1244,37656,102.683662308754
1245,37657,3.19944591320854
1246,37674,50.0912000909387
1247,37675,158.555709622437
1248,37676,166.545042924031
1249,37677,57.6066765447071
1250,37678,0.471854638751913
1251,37680,0.354887064293537
1252,37683,1.42023154835205
1253,37701,0.748574224057314
1254,37702,39.5339040319204
1255,37703,53.0991158620826
1256,37704,351.27358848342
1257,37705,351.369507695416
1258,37706,344.428651596438
1259,37707,331.356360980664
1260,37708,366.571791703068
1261,37709,366.514076823419
1262,37710,316.633282003592
1263,37711,378.619538095315
1264,37712,411.832462427477
1265,37713,391.648879118819
1266,37714,316.532093057393
1267,37715,216.37000543234
1268,37726,106.926746841822
1269,37727,321.630345823396
1270,37728,381.040355675535
1271,37729,6.34557987812684
1272,37730,90.5612447774842
1273,37731,336.225647807394
1274,37732,376.343090984511
1275,37733,127.506532148274
1276,37750,0.023974031665989
1277,37751,61.1679646391853
1278,37752,3.55897111935012
1279,37754,48.7228423959995
1280,37755,259.453556750218
1281,37756,1.9908439809365
1282,37757,70.6385826660662
1283,37758,139.109281863023
1284,37764,1.17971044758846
1285,37765,184.742443276722
1286,37766,424.97326842037
1287,37767,27.3133073685732
1288,38073,0.234610154614292
1289,38074,124.543548221354
1290,38075,7.10592440796392
1291,38097,55.3383321061214
1292,38098,3.29788680295222
1293,38099,25.3141467324316
1294,38100,134.012484106958
1295,38101,1.99232510616526
1296,38102,7.41302337745018
1297,38122,2.78958939380893
1298,38123,18.8723268619376
1299,38124,5.043804955779
1300,38125,216.24580916103
1301,38126,304.395190088104
1302,38127,338.090469739688
1303,38128,365.644454547651
1304,38129,386.802522723043
1305,38130,353.214647982595
1306,38131,365.85832010282
1307,38132,328.042500059585
1308,38133,384.747719045138
1309,38134,402.844114963101
1310,38135,422.976917195059
1311,38136,422.976891576192
1312,38137,421.433290040783
1313,38138,179.87789703381
1314,38139,0.939634421479219
1315,38148,90.1971463245486
1316,38149,143.07332913035
1317,38150,265.725791443961
1318,38151,191.629196431048
1319,38152,137.395379408044
1320,38153,227.370943828212
1321,38154,49.1052702326167
1322,38173,38.2466774425615
1323,38174,90.0315483609675
1324,38177,72.3682621501995
1325,38179,122.415711715429
1326,38180,260.716493154656
1327,38187,119.10386120527
1328,38188,284.307781844855
1329,38189,333.877485274212
1330,38190,85.6570567974881
1331,38199,8.37679430327381
1332,38200,91.6788393437965
1333,38201,0.332292128193661
1334,38496,152.431951114379
1335,38497,51.8627200211001
1336,38519,1.56970988777668
1337,38520,10.0617662617447
1338,38522,49.492813944333
1339,38523,15.0882216184419
1340,38524,5.94522073333641
1341,38525,0.581965610973618
1342,38541,0.582219090459815
1343,38542,17.0093547805335
1344,38543,6.76169176521902
1345,38544,48.0786777646059
1346,38545,133.087462268259
1347,38546,288.868550901642
1348,38547,208.273700078729
1349,38548,168.655187082569
1350,38549,255.195785184315
1351,38550,138.819202530781
1352,38551,53.5419191848473
1353,38552,5.61915794199341
1354,38553,10.9851159983924
1355,38555,41.1246399130207
1356,38556,203.357934163817
1357,38557,272.066055368131
1358,38558,308.324410057032
1359,38559,231.967811484553
1360,38560,170.663973933345
1361,38561,218.119789280311
1362,38562,280.91575858173
1363,38563,219.643564054992
1364,38564,227.807915927212
1365,38565,58.4996176968798
1366,38570,27.9992883487962
1367,38572,27.2126734577663
1368,38573,110.148602756923
1369,38574,119.975216467131
1370,38575,46.3772194941913
1371,38594,5.96205763210083
1372,38596,82.2395020909349
1373,38597,4.53928575955907
1374,38599,17.0454825317261
1375,38602,38.1879674918092
1376,38603,71.3521275805447
1377,38605,0.232658781228175
1378,38606,0.697976196375944
1379,38609,2.21164071806017
1380,38610,225.541656972331
1381,38611,288.247486329865
1382,38612,199.103992881266
1383,38620,4.23123045377981
1384,38621,302.47282436535
1385,38622,420.151967837228
1386,38623,341.95835093291
1387,38917,2.77667550963166
1388,38918,49.4814361054019
1389,38919,10.3036910644013
1390,38943,0.232161529323943
1391,38982,39.8272876888876
1392,38983,132.03433995806
1393,38984,260.04078676085
1394,38985,397.387004443716
1395,38986,417.321301148075
1396,38987,373.76497269291
1397,38988,71.7709899565744
1398,38991,1.7815506248145
1399,38992,195.816893115337
1400,38993,274.228716146336
1401,38994,136.614485101121
1402,38995,149.189159891788
1403,38996,41.4920233221951
1404,39016,2.28311966222137
1405,39017,97.6968806882779
1406,39018,102.752073669418
1407,39019,111.815759251439
1408,39025,98.0006730372795
1409,39026,141.043984866596
1410,39027,27.1755656145575
1411,39028,35.1453841324875
1412,39032,252.316017287309
1413,39033,261.261409729994
1414,39034,213.03881484175
1415,39035,74.0220154948787
1416,39040,0.344113630995216
1417,39041,124.590402923102
1418,39042,330.660447193967
1419,39043,417.320092860272
1420,39044,417.320074789767
1421,39045,321.588528572723
1422,39046,42.6667472482735
1423,39339,0.344830513184545
1424,39340,1.39505946881077
1425,39341,84.2140415285531
1426,39342,0.123226338618581
1427,39357,5.58081640929008
1428,39358,42.8666186114563
1429,39359,67.3584829644602
1430,39360,10.1779550769005
1431,39363,1.86785502971449
1432,39364,39.0575404127736
1433,39365,1.26439895243481
1434,39383,8.0749990121402
1435,39384,2.5301522981154
1436,39407,30.2401842833905
1437,39408,93.0760921593813
1438,39409,314.877356525434
1439,39410,301.615125168876
1440,39411,6.51798712248832
1441,39414,56.7846451758831
1442,39415,197.154260408958
1443,39416,238.330426947856
1444,39417,22.0647593258135
1445,39439,109.738423538641
1446,39447,24.5276062343081
1447,39448,187.739568898291
1448,39449,40.8760130995297
1449,39454,27.3534907916321
1450,39455,254.666564401212
1451,39456,166.719768315876
1452,39457,97.230813205614
1453,39458,44.3741491627494
1454,39460,5.20610097615026
1455,39461,1.20394461447616
1456,39462,169.859250004736
1457,39463,347.519556887387
1458,39464,77.7112820215086
1459,39465,328.53830612776
1460,39466,414.479846763205
1461,39467,414.479827087039
1462,39468,88.2576311809046
1463,39761,8.35490224256447
1464,39762,23.7388272360118
1465,39763,47.6375980015633
1466,39764,5.78727312515387
1467,39779,169.546901357782
1468,39780,360.300322140167
1469,39781,257.46448358022
1470,39782,148.594363675228
1471,39783,69.0560389730722
1472,39784,38.0558066767293
1473,39785,28.959650621525
1474,39786,1.02764191206862
1475,39787,0.799403660070241
1476,39804,8.25014663284169
1477,39832,2.42542336378188
1478,39837,2.06483304598645
1479,39838,15.2880904356837
1480,39861,100.102260776679
1481,39862,36.0338384553234
1482,39866,1.25367689951487
1483,39870,6.30162766211684
1484,39871,28.3792418605196
1485,39876,4.67366424061689
1486,39877,49.3057013185018
1487,39878,147.25484863998
1488,39879,364.22933745488
1489,39880,339.832213859384
1490,39881,16.2107773790933
1491,39883,3.05159020342846
1492,39884,45.3764461634361
1493,39885,407.570241770061
1494,39886,361.593851072536
1495,39887,411.572042213878
1496,39888,368.443982495019
1497,39889,233.212967284195
1498,39890,138.048788476918
1499,40184,3.41701444369479
1500,40185,44.4875303653518
1501,40187,0.743204909120479
1502,40202,76.8262061574487
1503,40203,176.006753450384
1504,40204,389.70071830239
1505,40205,295.745263783948
1506,40206,73.8060027168649
1507,40207,22.2090467641169
1508,40208,0.341780053145615
1509,40284,209.227460768896
1510,40285,7.01843509330194
1511,40287,0.79416851970502
1512,40288,0.341804838132623
1513,40289,12.5054365751454
1514,40291,3.74936426109836
1515,40292,38.3394735144796
1516,40296,33.1554524390214
1517,40298,49.4222497965874
1518,40299,245.527531444845
1519,40300,327.287968617595
1520,40301,392.694356001572
1521,40302,135.567129831077
1522,40303,7.18244026525292
1523,40306,6.53396220513819
1524,40307,164.252301001975
1525,40308,322.1233483668
1526,40309,372.208981589285
1527,40310,141.765883306429
1528,40609,30.4094138707197
1529,40610,65.7528092075826
1530,40611,2.35101724447584
1531,40615,24.4509115168647
1532,40616,69.6420048807974
1533,40625,0.289335055181012
1534,40626,61.5494813870877
1535,40627,18.8706843049435
1536,40628,3.73111265332523
1537,40681,0.550478114160519
1538,40706,145.447314421555
1539,40707,127.909722381911
1540,40708,97.7274190684121
1541,40709,3.82153254052019
1542,40713,1.69364076462985
1543,40714,71.8105070577191
1544,40715,0.112454079405497
1545,40717,0.564342999919671
1546,40718,6.31679611285369
1547,40723,60.1348972608117
1548,40724,117.606892401277
1549,40725,34.059283631007
1550,40731,19.4931526511261
1551,41038,9.95576569411076
1552,41040,13.5946339674472
1553,41041,61.2896507082208
1554,41042,83.3885635303212
1555,41043,1.00544149695407
1556,41045,0.112042186818395
1557,41048,7.10106927612302
1558,41080,0.408072905354164
1559,41102,2.37742377070645
1560,41103,5.84963061955539
1561,41130,34.6296609575008
1562,41131,19.5360713851328
1563,41132,1.00959242429874
1564,41133,3.09829325825998
1565,41136,35.7961412487279
1566,41143,5.62871941978761
1567,41144,64.9919408976231
1568,41145,163.343170042178
1569,41146,385.522079190833
1570,41147,339.748721330156
1571,41148,158.892941200432
1572,41455,9.01056223757621
1573,41456,50.3936051581666
1574,41459,0.664820524780267
1575,41461,3.50345813723259
1576,41462,43.6890525211889
1577,41463,34.0205094932497
1578,41464,114.078954754859
1579,41465,106.214623312529
1580,41556,22.0165074988281
1581,41557,62.1530302168465
1582,41558,3.5453656428686
1583,41566,0.406629836236105
1584,41567,64.4819688484235
1585,41568,147.04941991176
1586,41569,136.315924185653
1587,41570,105.909953034982
1588,41571,5.96813306030574
1589,41572,0.611448764623892
1590,41573,24.4847987766435
1591,41879,0.77187372188255
1592,41893,0.002913239739318
1593,41894,0.092252070391821
1594,41979,49.7878955160289
1595,41980,93.0427086609898
1596,41981,68.0412292275234
1597,41982,94.9159027862317
1598,41983,104.402840366093
1599,41984,60.6236237901178
1600,41985,2.30960984746205
1601,41991,23.237223188098
1602,41992,84.9943871957259
1603,41993,36.8167971657112
1604,41994,89.53823661406
1605,41995,151.167068837298
1606,41996,122.899085964423
1607,41997,9.71007810036625
1608,42314,28.5937948716273
1609,42315,7.07342568193791
1610,42403,10.6088625692263
1611,42404,313.447062659619
1612,42405,357.138961472684
1613,42406,356.477127894634
1614,42407,236.919152344069
1615,42408,214.148969404116
1616,42409,179.328776923951
1617,42410,90.7360290371599
1618,42411,84.6059927914626
1619,42412,173.320958623862
1620,42413,199.612990035457
1621,42414,136.290449732385
1622,42415,138.654558196491
1623,42416,57.7062409499449
1624,42417,25.8372876795634
1625,42418,3.74628422033128
1626,42419,2.5109007857931
1627,42421,6.87869130755268
1628,42422,0.10915086169671
1629,42432,18.447276102849
1630,42433,136.291726098134
1631,42434,145.313291515466
1632,42435,146.713730508513
1633,42436,89.4949407785491
1634,42437,0.599137343812602
1635,42733,4.30917822615522
1636,42824,0.051696215719583
1637,42825,59.4809399286628
1638,42826,173.676748090169
1639,42827,136.813555485698
1640,42828,186.628448879953
1641,42829,291.220824762672
1642,42830,300.993086215846
1643,42831,228.931033559728
1644,42832,184.981143648125
1645,42833,48.8180600675325
1646,42834,162.545144653038
1647,42835,38.0642136171412
1648,42838,79.0425664969355
1649,42839,73.1651572063484
1650,42840,70.9743995405107
1651,42841,99.0324919533012
1652,42842,106.219521717372
1653,42843,155.906087889982
1654,42844,146.442850197251
1655,42845,69.8416228819032
1656,42846,25.4612630843422
1657,42847,9.76177324695924
1658,42848,6.76559321083867
1659,42850,1.62573983006667
1660,42851,43.7108065163873
1661,42852,72.6246623953391
1662,42853,152.254271740818
1663,42854,93.0654683043729
1664,42855,12.0198196479696
1665,42856,21.3928628337363
1666,42857,11.1799801816619
1667,43162,0.021494666825472
1668,43247,13.9348163667825
1669,43248,0.541609782156681
1670,43250,1.86736395183335
1671,43251,14.5000674661935
1672,43252,4.9797877449315
1673,43254,7.31616933149073
1674,43265,0.77386747373438
1675,43266,16.5281499550067
1676,43267,17.8605164841397
1677,43268,106.377378762613
1678,43269,82.8029016844777
1679,43270,199.095389225658
1680,43271,201.038821796125
1681,43272,153.922841220476
1682,43273,205.626271709679
1683,43274,152.399604427419
1684,43275,61.7604295976821
1685,43276,2.2266145579814
1686,43583,66.2341606436917
1687,43584,9.72772883364132
1688,43667,10.6860035976951
1689,43668,57.6127310423935
1690,43695,6.28787399441012
1691,43696,74.8677000752017
1692,43697,148.016593561687
1693,43698,35.1643198656865
1694,43699,29.4936173809704
1695,43700,10.2031787467613
1696,43701,5.88718618548768
1697,43702,86.8731712618304
1698,44086,22.4035553634527
1699,44087,39.9010218020028
1700,44088,165.70447804664
1701,44089,158.929175419946
1702,44090,240.446250315186
1703,44091,205.039795878291
1704,44092,155.165417475998
1705,44093,149.534119790557
1706,44094,120.154482220466
1707,44095,161.266814438111
1708,44096,57.1038942471417
1709,44124,0.118981259597426
1710,44505,34.2681463413289
1711,44506,198.202135871136
1712,44507,208.509395941593
1713,44508,355.65726463935
1714,44509,352.273446001791
1715,44510,210.164560893477
1716,44511,17.5265677094475
1717,44512,3.81121157818388
1718,44513,6.55957743292983
1719,44514,69.7103648994548
1720,44515,140.345167344458
1721,44516,241.859489920818
1722,44517,276.577922549981
1723,44518,257.435204039583
1724,44927,214.240319728573
1725,44928,339.206520942879
1726,44929,206.517628188485
1727,44930,264.265021961319
1728,44931,175.796460611094
1729,44932,151.179510863805
1730,44933,41.0423002448172
1731,44934,1.3558781900757
1732,44938,0.735476142643549
1733,44939,8.29303219217382
1734,44940,205.90019360041
1735,44941,159.763901889275
1736,45349,154.697502666542
1737,45350,275.352858934829
1738,45351,58.2124468833171
1739,45352,119.590538275716
1740,45353,254.316864615798
1741,45354,240.036799998838
1742,45355,13.6307184176899
1743,45362,16.1476150174156
1744,45363,334.947722373594
1745,45364,98.2941390027232
1746,45719,11.6694056716227
1747,45720,2.79755854666729
1748,45771,29.4403276379217
1749,45772,282.856535774095
1750,45773,25.3766327918223
1751,45774,144.487006574407
1752,45775,330.022334548553
1753,45776,369.37106874715
1754,45777,82.2811510330573
1755,45785,318.048423053369
1756,45786,73.7325856526778
1757,46141,11.406200424462
1758,46142,0.127618586755209
1759,46193,0.052209610712307
1760,46194,29.096400575437
1761,46195,1.3328445469354
1762,46196,10.4624390002305
1763,46197,29.3196919273299
1764,46198,351.909255923524
1765,46199,341.442142741784
1766,46200,138.368541399301
1767,46201,1.42679414254693
1768,46205,2.54991968983295
1769,46206,88.0856516583559
1770,46207,315.79159746957
1771,46208,105.45852135483
1772,46564,0.140478876541484
1773,46616,13.6130999375092
1774,46619,0.610165553996488
1775,46620,199.104914986553
1776,46621,184.816279461092
1777,46622,55.7951666350019
1778,46623,128.59566047762
1779,46624,1.01447880707249
1780,46628,77.3769103333888
1781,46629,338.50005589666
1782,46630,10.6220217867215
1783,47038,6.6970070134e-05
1784,47039,4.48173518925694
1785,47044,16.8341232631522
1786,47045,14.9323444391474
1787,47050,99.3398955492696
1788,47051,266.577800222604
1789,47052,1.33085952644195
1790,47411,0.696984827769642
1791,47412,28.0828821252672
1792,47461,10.1197667493994
1793,47462,124.136111264409
1794,47463,156.363515833654
1795,47469,0.497229319272268
1796,47470,8.35287372787671
1797,47471,199.691229851977
1798,47472,346.855953855837
1799,47473,49.8346272288591
1800,47834,3.17436042854459
1801,47835,13.7306683566355
1802,47836,2.96375964004697
1803,47892,86.6131305233903
1804,47893,282.891878752463
1805,47894,343.022949314209
1806,47895,10.9287524977503
1807,48259,40.4104569430183
1808,48260,54.3299371791155
1809,48262,7.18916282423264
1810,48314,25.3201154672298
1811,48315,90.0888820827069
1812,48316,22.2613634128522
1813,48317,3.60687107712668
1814,48558,1.26275978653953
1815,48559,2.32547834441858
1816,48681,0.390514082422537
1817,48684,26.5272238663122
1818,48685,5.04636140119489
1819,48733,11.890569161939
1820,48734,20.8592109584135
1821,48735,33.8937865595949
1822,48737,80.8834374931127
1823,48738,20.5605880641808
1824,48739,11.1178835142171
1825,48982,14.3741345529852
1826,48983,0.192195244677483
1827,48995,9.97840596047437
1828,49158,138.760148559982
1829,49159,256.811107364115
1830,49160,111.468733561743
1831,49161,70.3993728140217
1832,49162,146.496430419219
1833,49163,182.883264001938
1834,49164,111.518753166359
1835,49165,115.719178047137
1836,49166,1.75487791282048
1837,49406,25.6392487959104
1838,49407,7.37175562646737
1839,49416,0.002166720639589
1840,49433,9.49810485228497
1841,49583,10.3786080620453
1842,49584,277.804304883377
1843,49585,207.401805885197
1844,49586,327.83746827189
1845,49587,343.955395072049
1846,49588,244.205921962217
1847,49589,9.23058741633939
1848,49831,10.3368311609519
1849,49832,7.01651777544571
1850,49858,7.60697076332863
1851,49859,0.903403578887926
1852,49956,4.15769965058826
1853,49957,1.51412558332968
1854,50005,21.0913302775462
1855,50006,219.755949522598
1856,50007,34.7571879634009
1857,50008,29.1714202944073
1858,50009,58.693897917781
1859,50010,129.371055588341
1860,50011,196.821090853223
1861,50012,151.622011290419
1862,50013,156.454679981278
1863,50014,26.6502230678257
1864,50251,34.0115854532666
1865,50252,244.008964872983
1866,50253,258.427562205231
1867,50254,161.462523001779
1868,50281,8.66527357017266
1869,50282,4.6731763330867
1870,50284,2.94478734789677
1871,50285,0.431182856039442
1872,50383,0.005577822022408
1873,50428,14.46767644432
1874,50429,59.603369900014
1875,50430,15.7176596653605
1876,50433,0.374811375906538
1877,50434,159.720693118825
1878,50435,287.236977853054
1879,50436,300.656918662265
1880,50437,138.945405870614
1881,50438,22.2219498637154
1882,50673,22.0666983015999
1883,50674,72.833275154343
1884,50675,47.3621086146403
1885,50676,10.9806393571943
1886,50708,0.972375376691986
1887,50709,2.29572471950033
1888,50852,0.744799767596304
1889,50855,18.2861085953424
1890,50856,11.9379859403287
1891,50857,41.1488118360383
1892,50858,195.082838733274
1893,50859,309.417622091373
1894,50860,299.517331440919
1895,50861,119.79937779476
1896,50862,2.32217566747645
1897,51094,0.081835768215831
1898,51095,38.1749232468663
1899,51096,82.3565365013799
1900,51132,0.460971148317511
1901,51133,0.27653213472436
1902,51229,0.36974730937498
1903,51273,101.536681751492
1904,51274,48.3405068813033
1905,51275,0.184102772577944
1906,51276,1.47089796348227
1907,51277,4.22834489963968
1908,51279,2.48113882662724
1909,51280,8.66893990872419
1910,51281,7.40100287242199
1911,51282,295.719980275724
1912,51283,331.791311769094
1913,51284,181.975253494435
1914,51285,0.116885845256929
1915,51513,0.272906057748925
1916,51514,9.18929605080344
1917,51515,11.7458235340532
1918,51516,20.4319607549009
1919,51517,5.79398476576905
1920,51556,6.3776397706619
1921,51652,12.807161839205
1922,51653,2.56038580374399
1923,51654,2.81858201442269
1924,51695,21.3438687091485
1925,51696,82.149752994045
1926,51697,188.714229849754
1927,51698,180.928872215426
1928,51699,193.446279955817
1929,51700,186.074316484379
1930,51703,15.3843217548692
1931,51704,319.683113883089
1932,51705,285.273868830848
1933,51706,310.178423326516
1934,51707,33.5855662938224
1935,51932,9.19279572607882
1936,51933,1.53093771140316
1937,51934,19.6886895408956
1938,51935,33.4505609806519
1939,51936,160.900336326857
1940,51937,206.995322351234
1941,51938,206.216011853239
1942,51939,60.4487430639343
1943,52074,7.19824641239356
1944,52075,17.0977634209021
1945,52076,2.3948066319566
1946,52077,2.2643682025004
1947,52119,0.037684937163897
1948,52120,127.138238352056
1949,52121,124.570869454895
1950,52122,259.636532640831
1951,52123,34.6513153968708
1952,52124,0.541177549510116
1953,52125,54.5712596719317
1954,52126,325.668887398733
1955,52127,325.668874756678
1956,52128,325.668863592543
1957,52129,295.49145505578
1958,52130,152.659879159025
1959,52131,61.6134548137108
1960,52353,7.07107837242458
1961,52354,204.020256430679
1962,52355,21.482383844574
1963,52356,27.0142995751852
1964,52359,12.7793271246899
1965,52360,17.8124906063206
1966,52399,8.42222710629565
1967,52400,2.15456836836425
1968,52497,8.36935311488766
1969,52498,37.3528874732341
1970,52499,42.689009871097
1971,52500,11.9671989291255
1972,52544,5.14003980363478
1973,52545,14.9774516662936
1974,52546,71.5572589796797
1975,52547,36.856098429918
1976,52548,114.252737236617
1977,52549,164.718316932021
1978,52550,212.892605047428
1979,52551,224.083237114588
1980,52552,83.7458681805316
1981,52553,2.20057833064627
1982,52775,0.356691773119578
1983,52776,116.71169851427
1984,52777,230.728656097298
1985,52778,45.7687204281612
1986,52791,11.4563124429799
1987,52792,30.6072518968802
1988,53198,15.535023103971
1989,53199,81.3032956628246
1990,53200,227.823201958535
1991,53201,111.005958611504
1992,53212,0.839796974613064
1993,53240,0.438076287645166
1994,53343,2.77748861917386
1995,53622,13.7194105638889
1996,53623,127.552323629665
1997,53624,95.4261010799524
1998,53625,1.68730529050637
1999,53631,7.67805670692736
2000,53632,88.6731641706811
2001,53633,151.131573754598
2002,53634,11.420246012225
2003,53637,21.4260623935739
2004,53638,4.88544711720929
2005,53647,39.8236983436512
2006,53648,2.95103082912682
2007,53650,11.418223471029
2008,53651,3.02683161207517
2009,53657,0.086618567681411
2010,53658,17.7543629485112
2011,54048,4.30390245369222
2012,54049,34.4190774953343
2013,54050,87.8431189598035
2014,54051,70.6171660196812
2015,54052,9.29519932893004
2016,54053,100.14406743757
2017,54054,15.2049884556712
2018,54055,8.74240396360521
2019,54060,0.951854080758081
2020,54069,44.623733867527
2021,54072,3.11383877004505
2022,54073,0.086561279629893
2023,54079,4.8431019417079
2024,54080,41.3073932633609
2025,54471,19.174812945015
2026,54472,52.6572304752584
2027,54473,34.686347319945
2028,54490,0.425296874875169
2029,54911,1.18086268430278
2030,55036,0.462165905998512
2031,55038,0.161507017080408
2032,55332,0.671306401797447
2033,55876,0.011433296505836
2034,55878,3.61865846853063
2035,55886,0.043399640865601
2036,56308,1.12588582190484
2037,57573,0.854537806237145
2038,57574,22.7419894024078
2039,57575,0.723400068826807
2040,58844,11.3052948714478
2041,58845,11.3723095013087
2042,59269,0.069979634855564
2043,59271,1.43109689604303
2044,59272,45.9314149026443
2045,59273,69.630710292589
2046,59274,4.21405193987977
2047,59693,2.33306492380598
2048,59694,9.17642966694416
2049,59695,76.9104637437867
2050,59696,71.6460788772825
2051,59697,5.2989903890236
2052,60120,27.4943232456093
2053,60121,45.9929340888947
2054,60122,8.00790483049205
2055,60545,0.317363444155555
2056,60549,1.99107744806983
2057,60972,8.12317431583668
2058,60973,11.4189620675802
2059,60974,23.347994729391
2060,60975,62.3899459514891
2061,60976,0.430590559989394
2062,61397,12.5426967041975
2063,61398,4.01326190371858
2064,61403,10.305920691416
2065,61404,12.6351643875846
2066,61405,16.0079093247448
2067,61406,0.001265288599962
2068,61826,0.282961837078149
2069,61827,44.1988254228307
2070,61828,35.7661965312932
2071,61829,12.1737357903564
2072,61830,5.25597749332307
2073,61831,11.3422589811843
